plateRSSE;parkingIdRSSE;uniqueIDRSSE;makeAutomaticPaymentRSSE
ADA131;100;PDPTPSSESI8152118;true
BEE142;100;PDPTPSSESI8152119;true
BAD638;100;PDPTPSSESI8152120;true
ABE962;100;PDPTPSSESI8152121;true
ABE963;100;PDPTPSSESI8152122;true
BAA454;100;PDPTPSSESI8152123;true
BEA877;100;PDPTPSSESI8152124;true
CAA418;100;PDPTPSSESI8152125;true
AAB236;100;PDPTPSSESI8152126;true
ADD603;100;PDPTPSSESI8152127;true
AAE967;100;PDPTPSSESI8152128;true
BCC165;100;PDPTPSSESI8152129;true
AAB669;100;PDPTPSSESI8152130;true
BAD836;100;PDPTPSSESI8152131;true
ADA301;100;PDPTPSSESI8152132;true
ACA806;100;PDPTPSSESI8152133;true
BAC475;100;PDPTPSSESI8152134;true
CAB772;100;PDPTPSSESI8152135;true
AEB415;100;PDPTPSSESI8152136;true
BCA070;100;PDPTPSSESI8152137;true
ABD409;100;PDPTPSSESI8152138;true
AAA973;100;PDPTPSSESI8152139;true
AAE045;100;PDPTPSSESI8152140;true
BBB309;100;PDPTPSSESI8152141;true
BCC747;100;PDPTPSSESI8152142;true
ACD770;100;PDPTPSSESI8152143;true
BDE569;100;PDPTPSSESI8152144;true
BAD553;100;PDPTPSSESI8152145;true
BEE050;100;PDPTPSSESI8152146;true
ADB510;100;PDPTPSSESI8152147;true
BCB965;100;PDPTPSSESI8152148;true
ADB511;100;PDPTPSSESI8152149;true
BCB966;100;PDPTPSSESI8152150;true
ADB588;100;PDPTPSSESI8152151;true
ADB589;100;PDPTPSSESI8152152;true
ABE747;100;PDPTPSSESI8152153;true
BBA269;100;PDPTPSSESI8152154;true
AAD011;100;PDPTPSSESI8152155;true
ABE749;100;PDPTPSSESI8152156;true
BCD007;100;PDPTPSSESI8152157;true
ADC620;100;PDPTPSSESI8152158;true
CAB715;100;PDPTPSSESI8152159;true
CAB716;100;PDPTPSSESI8152160;true
ADC623;100;PDPTPSSESI8152161;true
CAB742;100;PDPTPSSESI8152162;true
ADD394;100;PDPTPSSESI8152163;true
BCA632;100;PDPTPSSESI8152164;true
BEE276;100;PDPTPSSESI8152165;true
AEB987;100;PDPTPSSESI8152166;true
BAE858;100;PDPTPSSESI8152167;true
ADB234;100;PDPTPSSESI8152168;true
ABE350;100;PDPTPSSESI8152169;true
BAE540;100;PDPTPSSESI8152170;true
AAC653;100;PDPTPSSESI8152171;true
ABE378;100;PDPTPSSESI8152172;true
BBD755;100;PDPTPSSESI8152173;true
AEA150;100;PDPTPSSESI8152174;true
CAA372;100;PDPTPSSESI8152175;true
AED055;100;PDPTPSSESI8152176;true
BCB686;100;PDPTPSSESI8152177;true
CAA341;100;PDPTPSSESI8152178;true
CAE230;100;PDPTPSSESI8152179;true
BAE615;100;PDPTPSSESI8152180;true
ADB032;100;PDPTPSSESI8152181;true
ACB303;100;PDPTPSSESI8152182;true
BCB656;100;PDPTPSSESI8152183;true
ABB437;100;PDPTPSSESI8152184;true
AEC893;100;PDPTPSSESI8152185;true
BDD305;100;PDPTPSSESI8152186;true
AAC461;100;PDPTPSSESI8152187;true
BAE854;100;PDPTPSSESI8152188;true
BAE855;100;PDPTPSSESI8152189;true
ABE345;100;PDPTPSSESI8152190;true
ADE587;100;PDPTPSSESI8152191;true
BED792;100;PDPTPSSESI8152192;true
BDB991;100;PDPTPSSESI8152193;true
BAD476;100;PDPTPSSESI8152194;true
AED927;100;PDPTPSSESI8152195;true
BDC117;100;PDPTPSSESI8152196;true
BAA418;100;PDPTPSSESI8152197;true
ACE809;100;PDPTPSSESI8152198;true
AEB538;100;PDPTPSSESI8152199;true
ADD566;100;PDPTPSSESI8152200;true
BEB656;100;PDPTPSSESI8152201;true
BAB322;100;PDPTPSSESI8152202;true
BEB669;100;PDPTPSSESI8152203;true
BAB396;100;PDPTPSSESI8152204;true
BAA869;100;PDPTPSSESI8152205;true
BBD217;100;PDPTPSSESI8152206;true
ACC897;100;PDPTPSSESI8152207;true
CAD153;100;PDPTPSSESI8152208;true
ADE066;100;PDPTPSSESI8152209;true
ADE048;100;PDPTPSSESI8152210;true
BBC691;100;PDPTPSSESI8152211;true
BEB442;100;PDPTPSSESI8152212;true
ACC515;100;PDPTPSSESI8152213;true
ADE357;100;PDPTPSSESI8152214;true
ADE049;100;PDPTPSSESI8152215;true
BAA848;100;PDPTPSSESI8152216;true
BAA870;100;PDPTPSSESI8152217;true
BBD006;100;PDPTPSSESI8152218;true
AAB710;100;PDPTPSSESI8152219;true
BAD399;100;PDPTPSSESI8152220;true
BCB344;100;PDPTPSSESI8152221;true
AEB624;100;PDPTPSSESI8152222;true
BAD400;100;PDPTPSSESI8152223;true
BDA218;100;PDPTPSSESI8152224;true
BCA247;100;PDPTPSSESI8152225;true
AEB592;100;PDPTPSSESI8152226;true
AEB593;100;PDPTPSSESI8152227;true
BCA273;100;PDPTPSSESI8152228;true
BAD401;100;PDPTPSSESI8152229;true
BED854;100;PDPTPSSESI8152230;true
BDC031;100;PDPTPSSESI8152231;true
ADE157;100;PDPTPSSESI8152232;true
AAB166;100;PDPTPSSESI8152233;true
BDA235;100;PDPTPSSESI8152234;true
BAB582;100;PDPTPSSESI8152235;true
BAD402;100;PDPTPSSESI8152236;true
ABC958;100;PDPTPSSESI8152237;true
BBC987;100;PDPTPSSESI8152238;true
BEB919;100;PDPTPSSESI8152239;true
ACE894;100;PDPTPSSESI8152240;true
BBD454;100;PDPTPSSESI8152241;true
BEB920;100;PDPTPSSESI8152242;true
BAB584;100;PDPTPSSESI8152243;true
BAB585;100;PDPTPSSESI8152244;true
AAB229;100;PDPTPSSESI8152245;true
BCE059;100;PDPTPSSESI8152246;true
BCE060;100;PDPTPSSESI8152247;true
BBC285;100;PDPTPSSESI8152248;true
BAA457;100;PDPTPSSESI8152249;true
BAA458;100;PDPTPSSESI8152250;true
BDA643;100;PDPTPSSESI8152251;true
ADB821;100;PDPTPSSESI8152252;true
ACC376;100;PDPTPSSESI8152253;true
BEB301;100;PDPTPSSESI8152254;true
ADB937;100;PDPTPSSESI8152255;true
BEC145;100;PDPTPSSESI8152256;true
ACA075;100;PDPTPSSESI8152257;true
BDA322;100;PDPTPSSESI8152258;true
ADD855;100;PDPTPSSESI8152259;true
ACC046;100;PDPTPSSESI8152260;true
BEE268;100;PDPTPSSESI8152261;true
BBC976;100;PDPTPSSESI8152262;true
BEC019;100;PDPTPSSESI8152263;true
ABA637;100;PDPTPSSESI8152264;true
BAD778;100;PDPTPSSESI8152265;true
BCA566;100;PDPTPSSESI8152266;true
ABB220;100;PDPTPSSESI8152267;true
CAD988;100;PDPTPSSESI8152268;true
ABB221;100;PDPTPSSESI8152269;true
AEB894;100;PDPTPSSESI8152270;true
ACC486;100;PDPTPSSESI8152271;true
CAD304;100;PDPTPSSESI8152272;true
BBC887;100;PDPTPSSESI8152273;true
BAB018;100;PDPTPSSESI8152274;true
ADE200;100;PDPTPSSESI8152275;true
BCA567;100;PDPTPSSESI8152276;true
BAD673;100;PDPTPSSESI8152277;true
BDC209;100;PDPTPSSESI8152278;true
ABD339;100;PDPTPSSESI8152279;true
BAD764;100;PDPTPSSESI8152280;true
CAC575;100;PDPTPSSESI8152281;true
BBC100;100;PDPTPSSESI8152282;true
BCA654;100;PDPTPSSESI8152283;true
BAA296;100;PDPTPSSESI8152284;true
BEE279;100;PDPTPSSESI8152285;true
CAC277;100;PDPTPSSESI8152286;true
BBB821;100;PDPTPSSESI8152287;true
BAD732;100;PDPTPSSESI8152288;true
ABD084;100;PDPTPSSESI8152289;true
ADA237;100;PDPTPSSESI8152290;true
BCA656;100;PDPTPSSESI8152291;true
AEB749;100;PDPTPSSESI8152292;true
BEE381;100;PDPTPSSESI8152293;true
BCA428;100;PDPTPSSESI8152294;true
BCA429;100;PDPTPSSESI8152295;true
BEE033;100;PDPTPSSESI8152296;true
AEB898;100;PDPTPSSESI8152297;true
BEE187;100;PDPTPSSESI8152298;true
BCA802;100;PDPTPSSESI8152299;true
AEC133;100;PDPTPSSESI8152300;true
AAB737;100;PDPTPSSESI8152301;true
AEC134;100;PDPTPSSESI8152302;true
AEB902;100;PDPTPSSESI8152303;true
BCA803;100;PDPTPSSESI8152304;true
AAB505;100;PDPTPSSESI8152305;true
AEC135;100;PDPTPSSESI8152306;true
BBB783;100;PDPTPSSESI8152307;true
BAA419;100;PDPTPSSESI8152308;true
ACB778;100;PDPTPSSESI8152309;true
ACD082;100;PDPTPSSESI8152310;true
AAB282;100;PDPTPSSESI8152311;true
ABA576;100;PDPTPSSESI8152312;true
BDA019;100;PDPTPSSESI8152313;true
BAA420;100;PDPTPSSESI8152314;true
ADE589;100;PDPTPSSESI8152315;true
ADE584;100;PDPTPSSESI8152316;true
CAC698;100;PDPTPSSESI8152317;true
BCE025;100;PDPTPSSESI8152318;true
ADE586;100;PDPTPSSESI8152319;true
BCA206;100;PDPTPSSESI8152320;true
ACA099;100;PDPTPSSESI8152321;true
ABC868;100;PDPTPSSESI8152322;true
BED790;100;PDPTPSSESI8152323;true
AAB279;100;PDPTPSSESI8152324;true
BBA631;100;PDPTPSSESI8152325;true
BCC436;100;PDPTPSSESI8152326;true
ACE960;100;PDPTPSSESI8152327;true
BED791;100;PDPTPSSESI8152328;true
AEB537;100;PDPTPSSESI8152329;true
AAE926;100;PDPTPSSESI8152330;true
BCA209;100;PDPTPSSESI8152331;true
ABA820;100;PDPTPSSESI8152332;true
BEB600;100;PDPTPSSESI8152333;true
BDE252;100;PDPTPSSESI8152334;true
BAD307;100;PDPTPSSESI8152335;true
AAB280;100;PDPTPSSESI8152336;true
BBD147;100;PDPTPSSESI8152337;true
ACC873;100;PDPTPSSESI8152338;true
BBC710;100;PDPTPSSESI8152339;true
ABA380;100;PDPTPSSESI8152340;true
ABC587;100;PDPTPSSESI8152341;true
ACC874;100;PDPTPSSESI8152342;true
ADE730;100;PDPTPSSESI8152343;true
AEB560;100;PDPTPSSESI8152344;true
ABB038;100;PDPTPSSESI8152345;true
AEB275;100;PDPTPSSESI8152346;true
ACD003;100;PDPTPSSESI8152347;true
BBD457;100;PDPTPSSESI8152348;true
BBD458;100;PDPTPSSESI8152349;true
BCA319;100;PDPTPSSESI8152350;true
ABC620;100;PDPTPSSESI8152351;true
CAD880;100;PDPTPSSESI8152352;true
BAD061;100;PDPTPSSESI8152353;true
BBD459;100;PDPTPSSESI8152354;true
ABB144;100;PDPTPSSESI8152355;true
ADE818;100;PDPTPSSESI8152356;true
BDA239;100;PDPTPSSESI8152357;true
ABC893;100;PDPTPSSESI8152358;true
BAB376;100;PDPTPSSESI8152359;true
BAB377;100;PDPTPSSESI8152360;true
ACB448;100;PDPTPSSESI8152361;true
BCA242;100;PDPTPSSESI8152362;true
BBD115;100;PDPTPSSESI8152363;true
BAB634;100;PDPTPSSESI8152364;true
BBC242;100;PDPTPSSESI8152365;true
ADD571;100;PDPTPSSESI8152366;true
CAC703;100;PDPTPSSESI8152367;true
ADD572;100;PDPTPSSESI8152368;true
ACB781;100;PDPTPSSESI8152369;true
BED893;100;PDPTPSSESI8152370;true
BEC284;100;PDPTPSSESI8152371;true
AEB596;100;PDPTPSSESI8152372;true
ACE865;100;PDPTPSSESI8152373;true
BCA303;100;PDPTPSSESI8152374;true
BED894;100;PDPTPSSESI8152375;true
CAE448;100;PDPTPSSESI8152376;true
BAC152;100;PDPTPSSESI8152377;true
ABC920;100;PDPTPSSESI8152378;true
ABC964;100;PDPTPSSESI8152379;true
AEB597;100;PDPTPSSESI8152380;true
BDC056;100;PDPTPSSESI8152381;true
BBE010;100;PDPTPSSESI8152382;true
BCA297;100;PDPTPSSESI8152383;true
BED896;100;PDPTPSSESI8152384;true
BDA290;100;PDPTPSSESI8152385;true
ACD553;100;PDPTPSSESI8152386;true
CAE468;100;PDPTPSSESI8152387;true
ABC966;100;PDPTPSSESI8152388;true
ACE891;100;PDPTPSSESI8152389;true
ABC967;100;PDPTPSSESI8152390;true
ADE300;100;PDPTPSSESI8152391;true
AAB402;100;PDPTPSSESI8152392;true
AEB806;100;PDPTPSSESI8152393;true
CAD385;100;PDPTPSSESI8152394;true
ABB205;100;PDPTPSSESI8152395;true
BDA311;100;PDPTPSSESI8152396;true
BBB871;100;PDPTPSSESI8152397;true
BAB133;100;PDPTPSSESI8152398;true
BEC005;100;PDPTPSSESI8152399;true
CAC360;100;PDPTPSSESI8152400;true
BBC982;100;PDPTPSSESI8152401;true
ABA645;100;PDPTPSSESI8152402;true
BBC511;100;PDPTPSSESI8152403;true
ABB674;100;PDPTPSSESI8152404;true
ADD852;100;PDPTPSSESI8152405;true
ACB592;100;PDPTPSSESI8152406;true
BDA367;100;PDPTPSSESI8152407;true
BAA614;100;PDPTPSSESI8152408;true
ABA115;100;PDPTPSSESI8152409;true
ADD760;100;PDPTPSSESI8152410;true
CAE032;100;PDPTPSSESI8152411;true
ADD519;100;PDPTPSSESI8152412;true
ADD520;100;PDPTPSSESI8152413;true
ABA116;100;PDPTPSSESI8152414;true
BEA864;100;PDPTPSSESI8152415;true
BDA368;100;PDPTPSSESI8152416;true
ACB728;100;PDPTPSSESI8152417;true
ADE956;100;PDPTPSSESI8152418;true
ADD761;100;PDPTPSSESI8152419;true
BEA251;100;PDPTPSSESI8152420;true
BEA344;100;PDPTPSSESI8152421;true
BAA246;100;PDPTPSSESI8152422;true
ACB575;100;PDPTPSSESI8152423;true
BBC049;100;PDPTPSSESI8152424;true
BAA247;100;PDPTPSSESI8152425;true
CAC348;100;PDPTPSSESI8152426;true
BAA090;100;PDPTPSSESI8152427;true
BAA265;100;PDPTPSSESI8152428;true
AAE772;100;PDPTPSSESI8152429;true
BAA266;100;PDPTPSSESI8152430;true
BAA091;100;PDPTPSSESI8152431;true
ACB405;100;PDPTPSSESI8152432;true
BAA092;100;PDPTPSSESI8152433;true
BBB899;100;PDPTPSSESI8152434;true
BAA267;100;PDPTPSSESI8152435;true
BCD647;100;PDPTPSSESI8152436;true
BEA536;100;PDPTPSSESI8152437;true
ACB356;100;PDPTPSSESI8152438;true
ADD390;100;PDPTPSSESI8152439;true
BBB838;100;PDPTPSSESI8152440;true
CAC302;100;PDPTPSSESI8152441;true
BAA268;100;PDPTPSSESI8152442;true
BAA030;100;PDPTPSSESI8152443;true
BBC073;100;PDPTPSSESI8152444;true
BAA269;100;PDPTPSSESI8152445;true
BCD594;100;PDPTPSSESI8152446;true
BBC074;100;PDPTPSSESI8152447;true
BAA198;100;PDPTPSSESI8152448;true
BBC009;100;PDPTPSSESI8152449;true
BEA539;100;PDPTPSSESI8152450;true
BBC076;100;PDPTPSSESI8152451;true
CAC544;100;PDPTPSSESI8152452;true
ADD378;100;PDPTPSSESI8152453;true
BEA540;100;PDPTPSSESI8152454;true
AAE759;100;PDPTPSSESI8152455;true
ACB594;100;PDPTPSSESI8152456;true
ADD379;100;PDPTPSSESI8152457;true
BBC053;100;PDPTPSSESI8152458;true
ACB538;100;PDPTPSSESI8152459;true
BCC823;100;PDPTPSSESI8152460;true
CAD761;100;PDPTPSSESI8152461;true
BAB485;100;PDPTPSSESI8152462;true
BDB749;100;PDPTPSSESI8152463;true
ACA500;100;PDPTPSSESI8152464;true
ABC588;100;PDPTPSSESI8152465;true
BBC807;100;PDPTPSSESI8152466;true
AAA833;100;PDPTPSSESI8152467;true
AEE212;100;PDPTPSSESI8152468;true
AEB378;100;PDPTPSSESI8152469;true
BEB236;100;PDPTPSSESI8152470;true
BEB799;100;PDPTPSSESI8152471;true
BDB837;100;PDPTPSSESI8152472;true
AAA930;100;PDPTPSSESI8152473;true
ABC697;100;PDPTPSSESI8152474;true
BCA030;100;PDPTPSSESI8152475;true
BDB838;100;PDPTPSSESI8152476;true
BED592;100;PDPTPSSESI8152477;true
BBC808;100;PDPTPSSESI8152478;true
BEB863;100;PDPTPSSESI8152479;true
BDB840;100;PDPTPSSESI8152480;true
BEB864;100;PDPTPSSESI8152481;true
ABC698;100;PDPTPSSESI8152482;true
BBC628;100;PDPTPSSESI8152483;true
BCE417;100;PDPTPSSESI8152484;true
ABC722;100;PDPTPSSESI8152485;true
BCE960;100;PDPTPSSESI8152486;true
ABE996;100;PDPTPSSESI8152487;true
BED852;100;PDPTPSSESI8152488;true
ACC837;100;PDPTPSSESI8152489;true
ACC838;100;PDPTPSSESI8152490;true
BBE013;100;PDPTPSSESI8152491;true
BBD496;100;PDPTPSSESI8152492;true
BED881;100;PDPTPSSESI8152493;true
AAB196;100;PDPTPSSESI8152494;true
ADE035;100;PDPTPSSESI8152495;true
ADE036;100;PDPTPSSESI8152496;true
AEA367;100;PDPTPSSESI8152497;true
ACD554;100;PDPTPSSESI8152498;true
BAC169;100;PDPTPSSESI8152499;true
BAD394;100;PDPTPSSESI8152500;true
BBC676;100;PDPTPSSESI8152501;true
ADE038;100;PDPTPSSESI8152502;true
BBD497;100;PDPTPSSESI8152503;true
ACC194;100;PDPTPSSESI8152504;true
ACD053;100;PDPTPSSESI8152505;true
AEA369;100;PDPTPSSESI8152506;true
BCE482;100;PDPTPSSESI8152507;true
CAB168;100;PDPTPSSESI8152508;true
BDE232;100;PDPTPSSESI8152509;true
BDE233;100;PDPTPSSESI8152510;true
AAD492;100;PDPTPSSESI8152511;true
BBA741;100;PDPTPSSESI8152512;true
BCE486;100;PDPTPSSESI8152513;true
ACB895;100;PDPTPSSESI8152514;true
CAC813;100;PDPTPSSESI8152515;true
ABA036;100;PDPTPSSESI8152516;true
CAC814;100;PDPTPSSESI8152517;true
BCE123;100;PDPTPSSESI8152518;true
CAD250;100;PDPTPSSESI8152519;true
AAD596;100;PDPTPSSESI8152520;true
BEB257;100;PDPTPSSESI8152521;true
BBA834;100;PDPTPSSESI8152522;true
ACA309;100;PDPTPSSESI8152523;true
ADE181;100;PDPTPSSESI8152524;true
BEB278;100;PDPTPSSESI8152525;true
ACE812;100;PDPTPSSESI8152526;true
BED794;100;PDPTPSSESI8152527;true
BED827;100;PDPTPSSESI8152528;true
BCA240;100;PDPTPSSESI8152529;true
BBD582;100;PDPTPSSESI8152530;true
CAA301;100;PDPTPSSESI8152531;true
BDE663;100;PDPTPSSESI8152532;true
BCC110;100;PDPTPSSESI8152533;true
BDE553;100;PDPTPSSESI8152534;true
BCC892;100;PDPTPSSESI8152535;true
BCA577;100;PDPTPSSESI8152536;true
AEE412;100;PDPTPSSESI8152537;true
BBB259;100;PDPTPSSESI8152538;true
AEE396;100;PDPTPSSESI8152539;true
ABB852;100;PDPTPSSESI8152540;true
BCD024;100;PDPTPSSESI8152541;true
ACA750;100;PDPTPSSESI8152542;true
ADC425;100;PDPTPSSESI8152543;true
BEC770;100;PDPTPSSESI8152544;true
BCE291;100;PDPTPSSESI8152545;true
ADD522;100;PDPTPSSESI8152546;true
ACB729;100;PDPTPSSESI8152547;true
BDE442;100;PDPTPSSESI8152548;true
AED475;100;PDPTPSSESI8152549;true
BEA643;100;PDPTPSSESI8152550;true
BAA379;100;PDPTPSSESI8152551;true
BEA644;100;PDPTPSSESI8152552;true
BAA696;100;PDPTPSSESI8152553;true
BAA380;100;PDPTPSSESI8152554;true
ACD134;100;PDPTPSSESI8152555;true
ABD245;100;PDPTPSSESI8152556;true
BBE196;100;PDPTPSSESI8152557;true
BBE239;100;PDPTPSSESI8152558;true
ACA523;100;PDPTPSSESI8152559;true
BCC863;100;PDPTPSSESI8152560;true
ADC537;100;PDPTPSSESI8152561;true
AAA109;100;PDPTPSSESI8152562;true
AAE002;100;PDPTPSSESI8152563;true
BBD438;100;PDPTPSSESI8152564;true
BBB150;100;PDPTPSSESI8152565;true
ACD135;100;PDPTPSSESI8152566;true
CAC545;100;PDPTPSSESI8152567;true
ACD438;100;PDPTPSSESI8152568;true
ABB569;100;PDPTPSSESI8152569;true
BEB480;100;PDPTPSSESI8152570;true
BBD045;100;PDPTPSSESI8152571;true
AEC939;100;PDPTPSSESI8152572;true
AAC528;100;PDPTPSSESI8152573;true
AAC355;100;PDPTPSSESI8152574;true
BDD155;100;PDPTPSSESI8152575;true
BDD291;100;PDPTPSSESI8152576;true
BAE724;100;PDPTPSSESI8152577;true
BCB550;100;PDPTPSSESI8152578;true
ABA795;100;PDPTPSSESI8152579;true
BAE758;100;PDPTPSSESI8152580;true
BDD328;100;PDPTPSSESI8152581;true
BAE759;100;PDPTPSSESI8152582;true
BAB385;100;PDPTPSSESI8152583;true
AAC501;100;PDPTPSSESI8152584;true
BBD229;100;PDPTPSSESI8152585;true
ABA896;100;PDPTPSSESI8152586;true
ACC744;100;PDPTPSSESI8152587;true
ABE220;100;PDPTPSSESI8152588;true
AEA053;100;PDPTPSSESI8152589;true
AEA054;100;PDPTPSSESI8152590;true
AEC908;100;PDPTPSSESI8152591;true
BAE714;100;PDPTPSSESI8152592;true
BBD682;100;PDPTPSSESI8152593;true
ADB122;100;PDPTPSSESI8152594;true
CAA242;100;PDPTPSSESI8152595;true
ABE230;100;PDPTPSSESI8152596;true
BCB552;100;PDPTPSSESI8152597;true
ADB153;100;PDPTPSSESI8152598;true
AEC943;100;PDPTPSSESI8152599;true
CAA162;100;PDPTPSSESI8152600;true
AED018;100;PDPTPSSESI8152601;true
BAE830;100;PDPTPSSESI8152602;true
AAD268;100;PDPTPSSESI8152603;true
ACE861;100;PDPTPSSESI8152604;true
AED676;100;PDPTPSSESI8152605;true
BDE004;100;PDPTPSSESI8152606;true
BDE005;100;PDPTPSSESI8152607;true
ABC915;100;PDPTPSSESI8152608;true
BBA526;100;PDPTPSSESI8152609;true
BCC341;100;PDPTPSSESI8152610;true
ACC673;100;PDPTPSSESI8152611;true
BAB317;100;PDPTPSSESI8152612;true
BCA785;100;PDPTPSSESI8152613;true
BDC030;100;PDPTPSSESI8152614;true
BEB593;100;PDPTPSSESI8152615;true
BCE961;100;PDPTPSSESI8152616;true
AAB148;100;PDPTPSSESI8152617;true
BEB924;100;PDPTPSSESI8152618;true
BEB925;100;PDPTPSSESI8152619;true
AEB567;100;PDPTPSSESI8152620;true
CAD814;100;PDPTPSSESI8152621;true
BED832;100;PDPTPSSESI8152622;true
BDA241;100;PDPTPSSESI8152623;true
ABC892;100;PDPTPSSESI8152624;true
BED833;100;PDPTPSSESI8152625;true
BAB555;100;PDPTPSSESI8152626;true
ADE820;100;PDPTPSSESI8152627;true
BBC340;100;PDPTPSSESI8152628;true
BBA505;100;PDPTPSSESI8152629;true
BBD156;100;PDPTPSSESI8152630;true
ADB860;100;PDPTPSSESI8152631;true
ACC676;100;PDPTPSSESI8152632;true
ABA812;100;PDPTPSSESI8152633;true
BBD157;100;PDPTPSSESI8152634;true
AED674;100;PDPTPSSESI8152635;true
AED675;100;PDPTPSSESI8152636;true
BCA454;100;PDPTPSSESI8152637;true
BCC591;100;PDPTPSSESI8152638;true
BDE284;100;PDPTPSSESI8152639;true
BCC592;100;PDPTPSSESI8152640;true
ADC142;100;PDPTPSSESI8152641;true
BEB511;100;PDPTPSSESI8152642;true
BEB512;100;PDPTPSSESI8152643;true
CAB220;100;PDPTPSSESI8152644;true
AAD546;100;PDPTPSSESI8152645;true
BCA509;100;PDPTPSSESI8152646;true
BDE111;100;PDPTPSSESI8152647;true
BED919;100;PDPTPSSESI8152648;true
BAD042;100;PDPTPSSESI8152649;true
ABC591;100;PDPTPSSESI8152650;true
ABC592;100;PDPTPSSESI8152651;true
AEB564;100;PDPTPSSESI8152652;true
AEA068;100;PDPTPSSESI8152653;true
BEA824;100;PDPTPSSESI8152654;true
BCE156;100;PDPTPSSESI8152655;true
AEB956;100;PDPTPSSESI8152656;true
BAD724;100;PDPTPSSESI8152657;true
BAD725;100;PDPTPSSESI8152658;true
AEB957;100;PDPTPSSESI8152659;true
AAB619;100;PDPTPSSESI8152660;true
ABA364;100;PDPTPSSESI8152661;true
ACB922;100;PDPTPSSESI8152662;true
BCE157;100;PDPTPSSESI8152663;true
BAA849;100;PDPTPSSESI8152664;true
ACC212;100;PDPTPSSESI8152665;true
BEC046;100;PDPTPSSESI8152666;true
BAB848;100;PDPTPSSESI8152667;true
BEC665;100;PDPTPSSESI8152668;true
CAE344;100;PDPTPSSESI8152669;true
BAD786;100;PDPTPSSESI8152670;true
ABD362;100;PDPTPSSESI8152671;true
BAD787;100;PDPTPSSESI8152672;true
ABB565;100;PDPTPSSESI8152673;true
BCA676;100;PDPTPSSESI8152674;true
BBE183;100;PDPTPSSESI8152675;true
BCC746;100;PDPTPSSESI8152676;true
BBB089;100;PDPTPSSESI8152677;true
CAA634;100;PDPTPSSESI8152678;true
BAA074;100;PDPTPSSESI8152679;true
CAC337;100;PDPTPSSESI8152680;true
BEA333;100;PDPTPSSESI8152681;true
BEA335;100;PDPTPSSESI8152682;true
BCC946;100;PDPTPSSESI8152683;true
BAD686;100;PDPTPSSESI8152684;true
BEC739;100;PDPTPSSESI8152685;true
BAC402;100;PDPTPSSESI8152686;true
AEE294;100;PDPTPSSESI8152687;true
BBB967;100;PDPTPSSESI8152688;true
BDB129;100;PDPTPSSESI8152689;true
CAC420;100;PDPTPSSESI8152690;true
BEE029;100;PDPTPSSESI8152691;true
BCA424;100;PDPTPSSESI8152692;true
AAB340;100;PDPTPSSESI8152693;true
ADA022;100;PDPTPSSESI8152694;true
AAB341;100;PDPTPSSESI8152695;true
ABD176;100;PDPTPSSESI8152696;true
AAB438;100;PDPTPSSESI8152697;true
AEB875;100;PDPTPSSESI8152698;true
BAD646;100;PDPTPSSESI8152699;true
BCA534;100;PDPTPSSESI8152700;true
BDC373;100;PDPTPSSESI8152701;true
ADB233;100;PDPTPSSESI8152702;true
BCB579;100;PDPTPSSESI8152703;true
ABE255;100;PDPTPSSESI8152704;true
BAB342;100;PDPTPSSESI8152705;true
BEC192;100;PDPTPSSESI8152706;true
ADD562;100;PDPTPSSESI8152707;true
BDA469;100;PDPTPSSESI8152708;true
BAB829;100;PDPTPSSESI8152709;true
AAE922;100;PDPTPSSESI8152710;true
ACC713;100;PDPTPSSESI8152711;true
BBE913;100;PDPTPSSESI8152712;true
BBA532;100;PDPTPSSESI8152713;true
BAB359;100;PDPTPSSESI8152714;true
ACC270;100;PDPTPSSESI8152715;true
ABA559;100;PDPTPSSESI8152716;true
ABA864;100;PDPTPSSESI8152717;true
BBC846;100;PDPTPSSESI8152718;true
BAA976;100;PDPTPSSESI8152719;true
ABA387;100;PDPTPSSESI8152720;true
BEB154;100;PDPTPSSESI8152721;true
AEA399;100;PDPTPSSESI8152722;true
BEB196;100;PDPTPSSESI8152723;true
BEB638;100;PDPTPSSESI8152724;true
CAE499;100;PDPTPSSESI8152725;true
BEB213;100;PDPTPSSESI8152726;true
ADE515;100;PDPTPSSESI8152727;true
BED789;100;PDPTPSSESI8152728;true
ACE486;100;PDPTPSSESI8152729;true
BCE631;100;PDPTPSSESI8152730;true
BAD004;100;PDPTPSSESI8152731;true
BEB214;100;PDPTPSSESI8152732;true
ACE869;100;PDPTPSSESI8152733;true
BCE864;100;PDPTPSSESI8152734;true
BAA421;100;PDPTPSSESI8152735;true
CAD504;100;PDPTPSSESI8152736;true
BAA423;100;PDPTPSSESI8152737;true
CAC702;100;PDPTPSSESI8152738;true
CAD513;100;PDPTPSSESI8152739;true
BBD093;100;PDPTPSSESI8152740;true
BBD136;100;PDPTPSSESI8152741;true
BEB577;100;PDPTPSSESI8152742;true
BBD137;100;PDPTPSSESI8152743;true
BCE874;100;PDPTPSSESI8152744;true
BEB578;100;PDPTPSSESI8152745;true
BBD094;100;PDPTPSSESI8152746;true
BEB579;100;PDPTPSSESI8152747;true
BDA025;100;PDPTPSSESI8152748;true
BBD096;100;PDPTPSSESI8152749;true
ABB033;100;PDPTPSSESI8152750;true
BBD833;100;PDPTPSSESI8152751;true
ADE699;100;PDPTPSSESI8152752;true
BDA640;100;PDPTPSSESI8152753;true
BAB560;100;PDPTPSSESI8152754;true
CAC381;100;PDPTPSSESI8152755;true
BAB562;100;PDPTPSSESI8152756;true
BAD408;100;PDPTPSSESI8152757;true
BED892;100;PDPTPSSESI8152758;true
BBD445;100;PDPTPSSESI8152759;true
ACE896;100;PDPTPSSESI8152760;true
BAB630;100;PDPTPSSESI8152761;true
ADE869;100;PDPTPSSESI8152762;true
BAB631;100;PDPTPSSESI8152763;true
BAB633;100;PDPTPSSESI8152764;true
ABC963;100;PDPTPSSESI8152765;true
BAB995;100;PDPTPSSESI8152766;true
ABB181;100;PDPTPSSESI8152767;true
CAD211;100;PDPTPSSESI8152768;true
BAA924;100;PDPTPSSESI8152769;true
ADB733;100;PDPTPSSESI8152770;true
BDA384;100;PDPTPSSESI8152771;true
ADE971;100;PDPTPSSESI8152772;true
CAE052;100;PDPTPSSESI8152773;true
ADE973;100;PDPTPSSESI8152774;true
AAB415;100;PDPTPSSESI8152775;true
ACB913;100;PDPTPSSESI8152776;true
BCE147;100;PDPTPSSESI8152777;true
BCE148;100;PDPTPSSESI8152778;true
ACD055;100;PDPTPSSESI8152779;true
BEC417;100;PDPTPSSESI8152780;true
ABA054;100;PDPTPSSESI8152781;true
BCC346;100;PDPTPSSESI8152782;true
BBA846;100;PDPTPSSESI8152783;true
CAE346;100;PDPTPSSESI8152784;true
ACB992;100;PDPTPSSESI8152785;true
BEC275;100;PDPTPSSESI8152786;true
BDC236;100;PDPTPSSESI8152787;true
BDA538;100;PDPTPSSESI8152788;true
BDA539;100;PDPTPSSESI8152789;true
AEA137;100;PDPTPSSESI8152790;true
CAE214;100;PDPTPSSESI8152791;true
BEC276;100;PDPTPSSESI8152792;true
AAB429;100;PDPTPSSESI8152793;true
ABB443;100;PDPTPSSESI8152794;true
BDC238;100;PDPTPSSESI8152795;true
BAA594;100;PDPTPSSESI8152796;true
BAA595;100;PDPTPSSESI8152797;true
BBC424;100;PDPTPSSESI8152798;true
CAC871;100;PDPTPSSESI8152799;true
ADD742;100;PDPTPSSESI8152800;true
CAC460;100;PDPTPSSESI8152801;true
BCA804;100;PDPTPSSESI8152802;true
CAC461;100;PDPTPSSESI8152803;true
AEC136;100;PDPTPSSESI8152804;true
BBB939;100;PDPTPSSESI8152805;true
CAC462;100;PDPTPSSESI8152806;true
BDC532;100;PDPTPSSESI8152807;true
BAA192;100;PDPTPSSESI8152808;true
BEA462;100;PDPTPSSESI8152809;true
ADA209;100;PDPTPSSESI8152810;true
BCD875;100;PDPTPSSESI8152811;true
AAB578;100;PDPTPSSESI8152812;true
CAC551;100;PDPTPSSESI8152813;true
ABD112;100;PDPTPSSESI8152814;true
BCA395;100;PDPTPSSESI8152815;true
BDC145;100;PDPTPSSESI8152816;true
BEE001;100;PDPTPSSESI8152817;true
BEE066;100;PDPTPSSESI8152818;true
ABD062;100;PDPTPSSESI8152819;true
ABD114;100;PDPTPSSESI8152820;true
BCA485;100;PDPTPSSESI8152821;true
BDC212;100;PDPTPSSESI8152822;true
AAB406;100;PDPTPSSESI8152823;true
AAE503;100;PDPTPSSESI8152824;true
BAD585;100;PDPTPSSESI8152825;true
BAB382;100;PDPTPSSESI8152826;true
ADE517;100;PDPTPSSESI8152827;true
CAD213;100;PDPTPSSESI8152828;true
BDC114;100;PDPTPSSESI8152829;true
BCA359;100;PDPTPSSESI8152830;true
BAD305;100;PDPTPSSESI8152831;true
CAD744;100;PDPTPSSESI8152832;true
BAB154;100;PDPTPSSESI8152833;true
ABA657;100;PDPTPSSESI8152834;true
AEE210;100;PDPTPSSESI8152835;true
CAD632;100;PDPTPSSESI8152836;true
BBD210;100;PDPTPSSESI8152837;true
ABA870;100;PDPTPSSESI8152838;true
ABA871;100;PDPTPSSESI8152839;true
BDA117;100;PDPTPSSESI8152840;true
BCE776;100;PDPTPSSESI8152841;true
BBD211;100;PDPTPSSESI8152842;true
ACA497;100;PDPTPSSESI8152843;true
BBD213;100;PDPTPSSESI8152844;true
BBD333;100;PDPTPSSESI8152845;true
ADE572;100;PDPTPSSESI8152846;true
ACC561;100;PDPTPSSESI8152847;true
BEB483;100;PDPTPSSESI8152848;true
BBD048;100;PDPTPSSESI8152849;true
ACC854;100;PDPTPSSESI8152850;true
BEB649;100;PDPTPSSESI8152851;true
BAB221;100;PDPTPSSESI8152852;true
ADE422;100;PDPTPSSESI8152853;true
BCE847;100;PDPTPSSESI8152854;true
ADE710;100;PDPTPSSESI8152855;true
BAB239;100;PDPTPSSESI8152856;true
BAB481;100;PDPTPSSESI8152857;true
ABA873;100;PDPTPSSESI8152858;true
ABB034;100;PDPTPSSESI8152859;true
BCE849;100;PDPTPSSESI8152860;true
BAB482;100;PDPTPSSESI8152861;true
ACA498;100;PDPTPSSESI8152862;true
BCE850;100;PDPTPSSESI8152863;true
AAA989;100;PDPTPSSESI8152864;true
AAB016;100;PDPTPSSESI8152865;true
BED685;100;PDPTPSSESI8152866;true
ACC414;100;PDPTPSSESI8152867;true
AEB645;100;PDPTPSSESI8152868;true
BED690;100;PDPTPSSESI8152869;true
ACE711;100;PDPTPSSESI8152870;true
AEB647;100;PDPTPSSESI8152871;true
AEB454;100;PDPTPSSESI8152872;true
BDB917;100;PDPTPSSESI8152873;true
BAD224;100;PDPTPSSESI8152874;true
BED917;100;PDPTPSSESI8152875;true
ACE714;100;PDPTPSSESI8152876;true
AAB017;100;PDPTPSSESI8152877;true
AEB539;100;PDPTPSSESI8152878;true
AEB540;100;PDPTPSSESI8152879;true
BAB021;100;PDPTPSSESI8152880;true
ACC384;100;PDPTPSSESI8152881;true
BDA071;100;PDPTPSSESI8152882;true
BEB426;100;PDPTPSSESI8152883;true
CAD691;100;PDPTPSSESI8152884;true
CAB091;100;PDPTPSSESI8152885;true
BEB427;100;PDPTPSSESI8152886;true
ADE335;100;PDPTPSSESI8152887;true
BEB431;100;PDPTPSSESI8152888;true
BCC533;100;PDPTPSSESI8152889;true
CAD127;100;PDPTPSSESI8152890;true
BCD460;100;PDPTPSSESI8152891;true
BEC386;100;PDPTPSSESI8152892;true
BBC425;100;PDPTPSSESI8152893;true
CAD191;100;PDPTPSSESI8152894;true
ADD744;100;PDPTPSSESI8152895;true
BBC228;100;PDPTPSSESI8152896;true
BEC047;100;PDPTPSSESI8152897;true
BCE523;100;PDPTPSSESI8152898;true
ADE932;100;PDPTPSSESI8152899;true
ABB246;100;PDPTPSSESI8152900;true
BCA484;100;PDPTPSSESI8152901;true
ADE933;100;PDPTPSSESI8152902;true
BEC051;100;PDPTPSSESI8152903;true
BAD537;100;PDPTPSSESI8152904;true
BEC052;100;PDPTPSSESI8152905;true
ABD161;100;PDPTPSSESI8152906;true
BAB703;100;PDPTPSSESI8152907;true
AEB834;100;PDPTPSSESI8152908;true
BAB795;100;PDPTPSSESI8152909;true
AEA134;100;PDPTPSSESI8152910;true
BBD740;100;PDPTPSSESI8152911;true
AEA135;100;PDPTPSSESI8152912;true
BEE113;100;PDPTPSSESI8152913;true
AAA842;100;PDPTPSSESI8152914;true
ACE531;100;PDPTPSSESI8152915;true
ABA047;100;PDPTPSSESI8152916;true
BEE114;100;PDPTPSSESI8152917;true
ACB907;100;PDPTPSSESI8152918;true
ABD270;100;PDPTPSSESI8152919;true
BEE209;100;PDPTPSSESI8152920;true
BAD045;100;PDPTPSSESI8152921;true
BED511;100;PDPTPSSESI8152922;true
BAA540;100;PDPTPSSESI8152923;true
AAB528;100;PDPTPSSESI8152924;true
BEC076;100;PDPTPSSESI8152925;true
BDC330;100;PDPTPSSESI8152926;true
BDC331;100;PDPTPSSESI8152927;true
AAB531;100;PDPTPSSESI8152928;true
ABD272;100;PDPTPSSESI8152929;true
BDC332;100;PDPTPSSESI8152930;true
CAC236;100;PDPTPSSESI8152931;true
ADA883;100;PDPTPSSESI8152932;true
ABD978;100;PDPTPSSESI8152933;true
BCB283;100;PDPTPSSESI8152934;true
BCB284;100;PDPTPSSESI8152935;true
BEE934;100;PDPTPSSESI8152936;true
ABD980;100;PDPTPSSESI8152937;true
ADD133;100;PDPTPSSESI8152938;true
BBB781;100;PDPTPSSESI8152939;true
ABD982;100;PDPTPSSESI8152940;true
ADA884;100;PDPTPSSESI8152941;true
BEA247;100;PDPTPSSESI8152942;true
BAE606;100;PDPTPSSESI8152943;true
BEA248;100;PDPTPSSESI8152944;true
BAE634;100;PDPTPSSESI8152945;true
ADB048;100;PDPTPSSESI8152946;true
BDA479;100;PDPTPSSESI8152947;true
BEC302;100;PDPTPSSESI8152948;true
ACD317;100;PDPTPSSESI8152949;true
BEC549;100;PDPTPSSESI8152950;true
BBE032;100;PDPTPSSESI8152951;true
CAE483;100;PDPTPSSESI8152952;true
ADB064;100;PDPTPSSESI8152953;true
BAC182;100;PDPTPSSESI8152954;true
ADB065;100;PDPTPSSESI8152955;true
AAC496;100;PDPTPSSESI8152956;true
AEA382;100;PDPTPSSESI8152957;true
ABE158;100;PDPTPSSESI8152958;true
AEC848;100;PDPTPSSESI8152959;true
CAE484;100;PDPTPSSESI8152960;true
CAA101;100;PDPTPSSESI8152961;true
ADE489;100;PDPTPSSESI8152962;true
BAE533;100;PDPTPSSESI8152963;true
BDD214;100;PDPTPSSESI8152964;true
ABE048;100;PDPTPSSESI8152965;true
AAC485;100;PDPTPSSESI8152966;true
AEC743;100;PDPTPSSESI8152967;true
BDD290;100;PDPTPSSESI8152968;true
ABB036;100;PDPTPSSESI8152969;true
BBD216;100;PDPTPSSESI8152970;true
BBB018;100;PDPTPSSESI8152971;true
ABA874;100;PDPTPSSESI8152972;true
CAD490;100;PDPTPSSESI8152973;true
BBD350;100;PDPTPSSESI8152974;true
BDA126;100;PDPTPSSESI8152975;true
BBD071;100;PDPTPSSESI8152976;true
AAE603;100;PDPTPSSESI8152977;true
BDA613;100;PDPTPSSESI8152978;true
ACC327;100;PDPTPSSESI8152979;true
BDA614;100;PDPTPSSESI8152980;true
AEA191;100;PDPTPSSESI8152981;true
ABA492;100;PDPTPSSESI8152982;true
BDA615;100;PDPTPSSESI8152983;true
BAA967;100;PDPTPSSESI8152984;true
BEB259;100;PDPTPSSESI8152985;true
ACB284;100;PDPTPSSESI8152986;true
ABA494;100;PDPTPSSESI8152987;true
ABB090;100;PDPTPSSESI8152988;true
BBD192;100;PDPTPSSESI8152989;true
BDA183;100;PDPTPSSESI8152990;true
BCE620;100;PDPTPSSESI8152991;true
BBD193;100;PDPTPSSESI8152992;true
ACC707;100;PDPTPSSESI8152993;true
ACC708;100;PDPTPSSESI8152994;true
BDA000;100;PDPTPSSESI8152995;true
BAB356;100;PDPTPSSESI8152996;true
BAB665;100;PDPTPSSESI8152997;true
ABB091;100;PDPTPSSESI8152998;true
ABB216;100;PDPTPSSESI8152999;true
BEB628;100;PDPTPSSESI8153000;true
BAD348;100;PDPTPSSESI8153001;true
ABA880;100;PDPTPSSESI8153002;true
ADE579;100;PDPTPSSESI8153003;true
AAB164;100;PDPTPSSESI8153004;true
AEB569;100;PDPTPSSESI8153005;true
BBC841;100;PDPTPSSESI8153006;true
ADE900;100;PDPTPSSESI8153007;true
BAB845;100;PDPTPSSESI8153008;true
CAE165;100;PDPTPSSESI8153009;true
ADB732;100;PDPTPSSESI8153010;true
BAB846;100;PDPTPSSESI8153011;true
BBD858;100;PDPTPSSESI8153012;true
ABB537;100;PDPTPSSESI8153013;true
BCA607;100;PDPTPSSESI8153014;true
BAC033;100;PDPTPSSESI8153015;true
BEC338;100;PDPTPSSESI8153016;true
ACB695;100;PDPTPSSESI8153017;true
CAE277;100;PDPTPSSESI8153018;true
ABB474;100;PDPTPSSESI8153019;true
ADA191;100;PDPTPSSESI8153020;true
BBD796;100;PDPTPSSESI8153021;true
BEC339;100;PDPTPSSESI8153022;true
